USE univ_db;
INSERT into classroom values ('Watson', '231', 158);
INSERT into classroom values ('Watson', '196', 496);
INSERT into classroom values ('Bowman', '195', 418);
INSERT into classroom values ('Millard', '118', 475);
INSERT into classroom values ('Watson', '150', 289);
INSERT into classroom values ('Millard', '230', 344);
INSERT into classroom values ('Franklin', '232', 104);
INSERT into classroom values ('Taylor', '201', 417);
INSERT into classroom values ('Taylor', '240', 196);
INSERT into classroom values ('Watson', '153', 390);
INSERT into classroom values ('Watson', '164', 281);
INSERT into classroom values ('Millard', '171', 419);
INSERT into classroom values ('Taylor', '105', 369);
INSERT into classroom values ('Franklin', '238', 394);
INSERT into classroom values ('Franklin', '267', 303);
INSERT into classroom values ('Taylor', '241', 353);
INSERT into classroom values ('Franklin', '249', 32);
INSERT into classroom values ('Franklin', '245', 415);
INSERT into classroom values ('Bowman', '124', 176);
INSERT into classroom values ('Taylor', '238', 261);
INSERT into department values ('Computer Science', 'Millard', 89000);
INSERT into department values ('History', 'Millard', 47000);
INSERT into department values ('Music', 'Taylor', 29000);
INSERT into department values ('Biology', 'Millard', 59000);
INSERT into department values ('Physics', 'Bowman', 17000);
INSERT into department values ('Finance', 'Watson', 28000);
INSERT into department values ('Electrical Engineering', 'Taylor', 2000);
INSERT into department values ('Mathematics', 'Taylor', 86000);
INSERT into department values ('English', 'Millard', 81000);
INSERT into department values ('Philosophy', 'Bowman', 22000);
INSERT into course values ('HIS-218', 'Intro. to Biology', 'History', 4);
INSERT into course values ('EE-997', 'Genetics', 'Electrical Engineering', 4);
INSERT into course values ('CS-888', 'Computational Biology', 'Computer Science', 5);
INSERT into course values ('BIO-402', 'Intro. to Computer Science', 'Biology', 3);
INSERT into course values ('MATH-256', 'Game Design', 'Mathematics', 3);
INSERT into course values ('FIN-322', 'Robotics', 'Finance', 5);
INSERT into course values ('FIN-418', 'Image Processing', 'Finance', 5);
INSERT into course values ('ENG-130', 'Database System Concepts', 'English', 4);
INSERT into course values ('PHY-952', 'Intro. to Digital Systems', 'Physics', 3);
INSERT into course values ('HIS-717', 'Investment Banking', 'History', 4);
INSERT into course values ('EE-733', 'World History', 'Electrical Engineering', 3);
INSERT into course values ('PHIL-281', 'Music Video Production', 'Philosophy', 3);
INSERT into course values ('HIS-551', 'Physical Principles', 'History', 4);
INSERT into course values ('EE-352', 'Intro. to Philosophy', 'Electrical Engineering', 3);
INSERT into instructor values ('859166221', 'Schmidt', 'Madison', 'Edward', 'Philosophy', 65501);
INSERT into instructor values ('351550140', 'Giovanni', 'Madison', 'Jonah', 'History', 36317);
INSERT into instructor values ('580193716', 'Melissa', 'Morgan', 'Giovanni', 'Biology', 80101);
INSERT into instructor values ('675533749', 'Melissa', 'Joeseph', 'Joeseph', 'Biology', 82521);
INSERT into instructor values ('546270685', 'Mariana', 'Melvin', 'Schmidt', 'Philosophy', 73042);
INSERT into instructor values ('611545812', 'Ayush', 'Charlie', 'Mariana', 'Biology', 83948);
INSERT into instructor values ('587233957', 'Bond', 'Melissa', 'Festo', 'Electrical Engineering', 92227);
INSERT into instructor values ('941243999', 'Jonah', 'Leo', 'Joeseph', 'English', 99740);
INSERT into instructor values ('353173463', 'John', 'Morgan', 'Charlie', 'Computer Science', 54948);
INSERT into instructor values ('970999765', 'Charlie', 'Ayush', 'Ayush', 'Biology', 73400);
INSERT into student values ('236824617', 'Morgan', 'Schmidt', 'Melissa', 'English', 14, NULL);
INSERT into student values ('245253680', 'Giovanni', 'Leo', 'John', 'Computer Science', 11, '859166221');
INSERT into student values ('843238948', 'Jonah', 'Festo', 'Melvin', 'Philosophy', 19, NULL);
INSERT into student values ('396352579', 'Charlie', 'John', 'Festo', 'Finance', 5, '580193716');
INSERT into student values ('537964293', 'Morgan', 'Charlie', 'Ayush', 'Biology', 14, '611545812');
INSERT into student values ('651483908', 'Bond', 'Bond', 'Schmidt', 'Philosophy', 10, NULL);
INSERT into student values ('696649719', 'Jonah', 'Charlie', 'Morgan', 'Physics', 19, '351550140');
INSERT into student values ('367405958', 'Leo', 'Ian', 'Thomas', 'English', 34, NULL);
INSERT into student values ('395100265', 'Mariana', 'Charlie', 'Giovanni', 'History', 10, '587233957');
INSERT into student values ('340994624', 'Leo', 'Morgan', 'Melissa', 'English', 14, '580193716');
INSERT into student values ('652221233', 'Morgan', 'Edward', 'Festo', 'Physics', 10, NULL);
INSERT into student values ('204950772', 'Melissa', 'Melvin', 'Morgan', 'Finance', 26, NULL);
INSERT into student values ('485680828', 'John', 'Mariana', 'Leo', 'Philosophy', 10, NULL);
INSERT into student values ('630565378', 'Leo', 'Ian', 'Madison', 'Electrical Engineering', 5, '611545812');
INSERT into student values ('504556101', 'Joeseph', 'Ayush', 'Mariana', 'Computer Science', 1, NULL);
INSERT into student values ('899679001', 'John', 'Joeseph', 'Madison', 'Philosophy', 20, NULL);
INSERT into student values ('174734542', 'Melissa', 'Bond', 'Edward', 'Mathematics', 6, NULL);
INSERT into student values ('913517937', 'Mariana', 'Ian', 'Bond', 'Computer Science', 30, NULL);
INSERT into student values ('227348848', 'Schmidt', 'Ayush', 'Ayush', 'Electrical Engineering', 18, NULL);
INSERT into student values ('286200641', 'Joeseph', 'Schmidt', 'John', 'Finance', 15, NULL);
INSERT into student values ('300500868', 'John', 'Leo', 'Melvin', 'History', 23, NULL);
INSERT into student values ('166217839', 'Ayush', 'Edward', 'Melissa', 'Computer Science', 32, NULL);
INSERT into student values ('780387162', 'Bond', 'Schmidt', 'Ian', 'Finance', 30, '546270685');
INSERT into student values ('692967526', 'Melissa', 'Bond', 'Ayush', 'Philosophy', 12, NULL);
INSERT into student values ('762166787', 'Melvin', 'Leo', 'Melissa', 'English', 0, NULL);
INSERT into student values ('748933172', 'John', 'Madison', 'Charlie', 'English', 24, NULL);
INSERT into student values ('460840936', 'Ayush', 'Edward', 'John', 'English', 4, NULL);
INSERT into student values ('486886182', 'Madison', 'Melvin', 'Bond', 'History', 16, '351550140');
INSERT into student values ('292650657', 'Bond', 'Joeseph', 'Melissa', 'Mathematics', 11, '941243999');
INSERT into student values ('592074347', 'John', 'Charlie', 'Festo', 'Computer Science', 2, '580193716');
INSERT into student values ('582005063', 'Mariana', 'Edward', 'Giovanni', 'Computer Science', 27, NULL);
INSERT into student values ('378583392', 'Ayush', 'Ayush', 'Madison', 'History', 22, '675533749');
INSERT into student values ('641491012', 'John', 'Ayush', 'Ayush', 'Finance', 22, NULL);
INSERT into student values ('735770595', 'Morgan', 'Ian', 'Joeseph', 'English', 8, NULL);
INSERT into student values ('385549904', 'Festo', 'Giovanni', 'Joeseph', 'Finance', 6, '970999765');
INSERT into student values ('818929998', 'Melissa', 'Edward', 'Leo', 'Computer Science', 30, NULL);
INSERT into student values ('861546245', 'Bond', 'Festo', 'Madison', 'Electrical Engineering', 26, NULL);
INSERT into student values ('429786140', 'Jonah', 'Jonah', 'Joeseph', 'Computer Science', 17, '580193716');
INSERT into student values ('923109061', 'Leo', 'John', 'Leo', 'Physics', 27, '353173463');
INSERT into student values ('330193636', 'Festo', 'Jonah', 'Leo', 'Biology', 32, NULL);
INSERT into time_slot values ('4192', 'Wednesday', 13, 10, 15, 10);
INSERT into time_slot values ('2865', 'Wednesday', 5, 8, 7, 8);
INSERT into time_slot values ('5620', 'Monday', 6, 2, 7, 2);
INSERT into time_slot values ('2970', 'Sunday', 10, 52, 12, 52);
INSERT into time_slot values ('4713', 'Friday', 13, 30, 14, 30);
INSERT into time_slot values ('3210', 'Saturday', 11, 50, 12, 50);
INSERT into time_slot values ('3993', 'Monday', 5, 45, 7, 45);
INSERT into time_slot values ('9680', 'Monday', 6, 31, 7, 31);
INSERT into time_slot values ('1905', 'Saturday', 16, 20, 17, 20);
INSERT into time_slot values ('6652', 'Friday', 16, 15, 18, 15);
INSERT into time_slot values ('3665', 'Friday', 16, 9, 17, 9);
INSERT into time_slot values ('8121', 'Sunday', 6, 11, 8, 11);
INSERT into time_slot values ('2989', 'Monday', 10, 59, 12, 59);
INSERT into time_slot values ('7298', 'Saturday', 14, 50, 16, 50);
INSERT into time_slot values ('2181', 'Monday', 5, 56, 7, 56);
INSERT into section values ('FIN-418', '49552', 'Spring', 2022, 'Bowman', '124', '2970');
INSERT into section values ('HIS-551', '12231', 'Fall', 2022, 'Watson', '150', '6652');
INSERT into section values ('PHIL-281', '24444', 'Spring', 2020, 'Franklin', '249', '2865');
INSERT into section values ('PHIL-281', '85432', 'Fall', 2021, 'Watson', '150', '2989');
INSERT into section values ('HIS-717', '64398', 'Summer', 2020, 'Taylor', '105', '2865');
INSERT into section values ('EE-352', '19545', 'Summer', 2020, 'Bowman', '195', '1905');
INSERT into section values ('ENG-130', '47079', 'Summer', 2021, 'Bowman', '124', '9680');
INSERT into section values ('HIS-218', '69923', 'Summer', 2022, 'Taylor', '105', '9680');
INSERT into section values ('HIS-551', '89056', 'Summer', 2020, 'Franklin', '249', '1905');
INSERT into section values ('HIS-218', '33989', 'Fall', 2022, 'Watson', '231', '4192');
INSERT into section values ('HIS-551', '60258', 'Fall', 2022, 'Bowman', '195', '8121');
INSERT into section values ('EE-733', '90599', 'Fall', 2020, 'Taylor', '240', '1905');
INSERT into section values ('ENG-130', '55884', 'Summer', 2022, 'Taylor', '238', '9680');
INSERT into section values ('CS-888', '24563', 'Spring', 2020, 'Watson', '150', '3665');
INSERT into prereq values ('EE-997', 'EE-352');
INSERT into prereq values ('CS-888', 'PHIL-281');
INSERT into prereq values ('MATH-256', 'EE-997');
INSERT into prereq values ('FIN-322', 'HIS-218');
INSERT into prereq values ('FIN-418', 'EE-352');
INSERT into prereq values ('ENG-130', 'EE-997');
INSERT into prereq values ('HIS-551', 'EE-352');
INSERT into teaches values ('587233957', 'FIN-418', '49552', 'Spring', 2022);
INSERT into teaches values ('611545812', 'HIS-551', '12231', 'Fall', 2022);
INSERT into teaches values ('353173463', 'PHIL-281', '24444', 'Spring', 2020);
INSERT into teaches values ('353173463', 'PHIL-281', '85432', 'Fall', 2021);
INSERT into teaches values ('546270685', 'HIS-717', '64398', 'Summer', 2020);
INSERT into teaches values ('859166221', 'EE-352', '19545', 'Summer', 2020);
INSERT into teaches values ('941243999', 'ENG-130', '47079', 'Summer', 2021);
INSERT into teaches values ('353173463', 'HIS-218', '69923', 'Summer', 2022);
INSERT into teaches values ('587233957', 'HIS-551', '89056', 'Summer', 2020);
INSERT into teaches values ('580193716', 'HIS-218', '33989', 'Fall', 2022);
INSERT into teaches values ('675533749', 'HIS-551', '60258', 'Fall', 2022);
INSERT into teaches values ('941243999', 'EE-733', '90599', 'Fall', 2020);
INSERT into teaches values ('353173463', 'ENG-130', '55884', 'Summer', 2022);
INSERT into teaches values ('859166221', 'CS-888', '24563', 'Spring', 2020);
INSERT into takes values ('236824617', 'HIS-551', '89056', 'Summer', 2020);
INSERT into takes values ('245253680', 'FIN-418', '49552', 'Spring', 2022);
INSERT into takes values ('843238948', 'FIN-418', '49552', 'Spring', 2022);
INSERT into takes values ('396352579', 'EE-352', '19545', 'Summer', 2020);
INSERT into takes values ('537964293', 'FIN-418', '49552', 'Spring', 2022);
INSERT into takes values ('651483908', 'EE-733', '90599', 'Fall', 2020);
INSERT into takes values ('696649719', 'HIS-218', '33989', 'Fall', 2022);
INSERT into takes values ('367405958', 'CS-888', '24563', 'Spring', 2020);
INSERT into takes values ('395100265', 'CS-888', '24563', 'Spring', 2020);
INSERT into takes values ('340994624', 'ENG-130', '55884', 'Summer', 2022);
INSERT into takes values ('652221233', 'PHIL-281', '24444', 'Spring', 2020);
INSERT into takes values ('204950772', 'EE-733', '90599', 'Fall', 2020);
INSERT into takes values ('485680828', 'HIS-551', '60258', 'Fall', 2022);
INSERT into takes values ('630565378', 'HIS-218', '33989', 'Fall', 2022);
INSERT into takes values ('504556101', 'HIS-218', '33989', 'Fall', 2022);
INSERT into takes values ('899679001', 'HIS-717', '64398', 'Summer', 2020);
INSERT into takes values ('174734542', 'HIS-551', '12231', 'Fall', 2022);
INSERT into takes values ('913517937', 'HIS-551', '60258', 'Fall', 2022);
INSERT into takes values ('227348848', 'EE-733', '90599', 'Fall', 2020);
INSERT into takes values ('286200641', 'CS-888', '24563', 'Spring', 2020);
INSERT into takes values ('300500868', 'HIS-218', '33989', 'Fall', 2022);
INSERT into takes values ('166217839', 'ENG-130', '47079', 'Summer', 2021);
INSERT into takes values ('780387162', 'HIS-218', '33989', 'Fall', 2022);
INSERT into takes values ('692967526', 'ENG-130', '55884', 'Summer', 2022);
INSERT into takes values ('762166787', 'CS-888', '24563', 'Spring', 2020);
INSERT into takes values ('748933172', 'ENG-130', '55884', 'Summer', 2022);
INSERT into takes values ('460840936', 'CS-888', '24563', 'Spring', 2020);
INSERT into takes values ('486886182', 'HIS-551', '12231', 'Fall', 2022);
INSERT into takes values ('292650657', 'ENG-130', '47079', 'Summer', 2021);
INSERT into takes values ('592074347', 'PHIL-281', '24444', 'Spring', 2020);
INSERT into takes values ('582005063', 'CS-888', '24563', 'Spring', 2020);
INSERT into takes values ('378583392', 'EE-733', '90599', 'Fall', 2020);
INSERT into takes values ('641491012', 'HIS-551', '60258', 'Fall', 2022);
INSERT into takes values ('735770595', 'EE-352', '19545', 'Summer', 2020);
INSERT into takes values ('385549904', 'PHIL-281', '24444', 'Spring', 2020);
INSERT into takes values ('818929998', 'ENG-130', '55884', 'Summer', 2022);
INSERT into takes values ('861546245', 'CS-888', '24563', 'Spring', 2020);
INSERT into takes values ('429786140', 'ENG-130', '47079', 'Summer', 2021);
INSERT into takes values ('923109061', 'PHIL-281', '24444', 'Spring', 2020);
INSERT into takes values ('330193636', 'HIS-218', '33989', 'Fall', 2022);
